Workbook

Sheet background
A1: jet_pumping_oil_wells, hal petrie and e. smart, Part 1: 1983

Sheet selection
B1: brand | C1: nozzle | D1: throat | E1: throat | F1: nozzle dia. | G1: throat dia. | H1: diameter
C2: number | D2: ratio | E2: number | F2: inches | G2: inches | H2: ratio
A3: desired | B3: national | C3: 11 | D3: D | E3: =C3+VLOOKUP(D3,national!C42:D47,2,FALSE) -> 14 | F3: =VLOOKUP(C3,national!C2:D21,2,FALSE) -> 0.1858 | G3: =VLOOKUP(E3,national!C22:D41,2,FALSE) -> 0.4335 | H3: =G3/F3 -> 2.3331539
A5: equivalent | B5: guiberson | C5: =VLOOKUP(MIN(guiberson!G2:G22), guiberson!G2:I22, 2, FALSE) -> E | E5: =VLOOKUP(MIN(guiberson!G23:G45), guiberson!G23:I45, 2, FALSE) -> 11 | F5: =VLOOKUP(MIN(guiberson!G2:G22), guiberson!G2:I22, 3, FALSE) -> 0.1752 | G5: =VLOOKUP(MIN(guiberson!G23:G45), guiberson!G23:I45, 3, FALSE) -> 0.3901 | H5: =G5/F5 -> 2.2265982
A6: equivalent | B6: kobe | C6: =VLOOKUP(MIN(kobe!G2:G21), kobe!G2:I21, 2, FALSE) -> 10 | E6: =VLOOKUP(MIN(kobe!G22:G45), kobe!G22:I45, 2, FALSE) -> 13 | F6: =VLOOKUP(MIN(kobe!G2:G21), kobe!G2:I21, 3, FALSE) -> 0.1748 | G6: =VLOOKUP(MIN(kobe!G22:G45), kobe!G22:I45, 3, FALSE) -> 0.4056 | H6: =G6/F6 -> 2.3203661
A7: equivalent | B7: petrolift | C7: =VLOOKUP(MIN(petrolift!G2:G12), petrolift!G2:I12, 2, FALSE) -> 10 | E7: =VLOOKUP(MIN(petrolift!G13:H26), petrolift!G13:I26, 2, FALSE) -> 14 | F7: =VLOOKUP(MIN(petrolift!G2:G12), petrolift!G2:I12, 3, FALSE) -> 0.1835 | G7: =VLOOKUP(MIN(petrolift!G13:H26), petrolift!G13:I26, 3, FALSE) -> 0.4093 | H7: =G7/F7 -> 2.2305177

Sheet national
A1: brand | B1: type | C1: number | D1: dia_in | E1: area_in2
A2: national | B2: nozzle | C2: 1 | D2: 0.0553 | E2: =PI()*D2^2/4 -> 0.0024018183
A3: national | B3: nozzle | C3: 2 | D3: 0.0628 | E3: =PI()*D3^2/4 -> 0.0030974847
A4: national | B4: nozzle | C4: 3 | D4: 0.0705 | E4: =PI()*D4^2/4 -> 0.0039036252
A5: national | B5: nozzle | C5: 4 | D5: 0.0798 | E5: =PI()*D5^2/4 -> 0.0050014469
A6: national | B6: nozzle | C6: 5 | D6: 0.0903 | E6: =PI()*D6^2/4 -> 0.0064042073
A7: national | B7: nozzle | C7: 6 | D7: 0.1016 | E7: =PI()*D7^2/4 -> 0.0081073197
A8: national | B8: nozzle | C8: 7 | D8: 0.1145 | E8: =PI()*D8^2/4 -> 0.010296766
A9: national | B9: nozzle | C9: 8 | D9: 0.1291 | E9: =PI()*D9^2/4 -> 0.013090082
A10: national | B10: nozzle | C10: 9 | D10: 0.1458 | E10: =PI()*D10^2/4 -> 0.016695711
A11: national | B11: nozzle | C11: 10 | D11: 0.1643 | E11: =PI()*D11^2/4 -> 0.021201423
A12: national | B12: nozzle | C12: 11 | D12: 0.1858 | E12: =PI()*D12^2/4 -> 0.027113233
A13: national | B13: nozzle | C13: 12 | D13: 0.2099 | E13: =PI()*D13^2/4 -> 0.03460308
... A41: national | B41: throat | C41: 20 | D41: 0.8947 | E41: =PI()*D41^2/4 -> 0.62870188
A42: national | B42: ratio | C42: X | D42: -1
A43: national | B43: ratio | C43: A | D43: 0
A44: national | B44: ratio | C44: B | D44: 1
A45: national | B45: ratio | C45: C | D45: 2
A46: national | B46: ratio | C46: D | D46: 3
A47: national | B47: ratio | C47: E | D47: 4

Sheet guiberson
A1: brand | B1: type | C1: number | D1: dia_in | E1: area_in2 | F1: dia_ratio | G1: residual | H1: number | I1: dia_in
A2: guiberson | B2: nozzle | C2: DD | D2: 0.0451 | E2: =PI()*D2^2/4 -> 0.0015975077 | G2: =ABS(selection!$F$3-guiberson!D2) -> 0.1407 | H2: =C2 -> DD | I2: =D2 -> 0.0451
A3: guiberson | B3: nozzle | C3: CC | D3: 0.0597 | E3: =PI()*D3^2/4 -> 0.0027992297 | G3: =ABS(selection!$F$3-guiberson!D3) -> 0.1261 | H3: =C3 -> CC | I3: =D3 -> 0.0597
A4: guiberson | B4: nozzle | C4: BB | D4: 0.0696 | E4: =PI()*D4^2/4 -> 0.0038045944 | G4: =ABS(selection!$F$3-guiberson!D4) -> 0.1162 | H4: =C4 -> BB | I4: =D4 -> 0.0696
A5: guiberson | B5: nozzle | C5: A | D5: 0.0837 | E5: =PI()*D5^2/4 -> 0.0055022561 | G5: =ABS(selection!$F$3-guiberson!D5) -> 0.1021 | H5: =C5 -> A | I5: =D5 -> 0.0837
A6: guiberson | B6: nozzle | C6: A+ | D6: 0.0957 | E6: =PI()*D6^2/4 -> 0.0071930612 | G6: =ABS(selection!$F$3-guiberson!D6) -> 0.0901 | H6: =C6 -> A+ | I6: =D6 -> 0.0957
A7: guiberson | B7: nozzle | C7: B | D7: 0.11 | E7: =PI()*D7^2/4 -> 0.0095033178 | G7: =ABS(selection!$F$3-guiberson!D7) -> 0.0758 | H7: =C7 -> B | I7: =D7 -> 0.11
A8: guiberson | B8: nozzle | C8: B+ | D8: 0.1162 | E8: =PI()*D8^2/4 -> 0.010604792 | G8: =ABS(selection!$F$3-guiberson!D8) -> 0.0696 | H8: =C8 -> B+ | I8: =D8 -> 0.1162
A9: guiberson | B9: nozzle | C9: C | D9: 0.1251 | E9: =PI()*D9^2/4 -> 0.012291489 | G9: =ABS(selection!$F$3-guiberson!D9) -> 0.0607 | H9: =C9 -> C | I9: =D9 -> 0.1251
A10: guiberson | B10: nozzle | C10: C+ | D10: 0.1359 | E10: =PI()*D10^2/4 -> 0.014505369 | G10: =ABS(selection!$F$3-guiberson!D10) -> 0.0499 | H10: =C10 -> C+ | I10: =D10 -> 0.1359
A11: guiberson | B11: nozzle | C11: D | D11: 0.1501 | E11: =PI()*D11^2/4 -> 0.017695028 | G11: =ABS(selection!$F$3-guiberson!D11) -> 0.0357 | H11: =C11 -> D | I11: =D11 -> 0.1501
A12: guiberson | B12: nozzle | C12: E | D12: 0.1752 | E12: =PI()*D12^2/4 -> 0.024107828 | G12: =ABS(selection!$F$3-guiberson!D12) -> 0.0106 | H12: =C12 -> E | I12: =D12 -> 0.1752
A13: guiberson | B13: nozzle | C13: F | D13: 0.1999 | E13: =PI()*D13^2/4 -> 0.031384518 | G13: =ABS(selection!$F$3-guiberson!D13) -> 0.0141 | H13: =C13 -> F | I13: =D13 -> 0.1999
... A22: guiberson | B22: nozzle | C22: P | D22: 0.7 | E22: =PI()*D22^2/4 -> 0.3848451 | G22: =ABS(selection!$F$3-guiberson!D22) -> 0.5142 | H22: =C22 -> P | I22: =D22 -> 0.7
A23: guiberson | B23: throat | C23: 000 | D23: 0.0748 | E23: =PI()*D23^2/4 -> 0.0043943341 | G23: =ABS(selection!$G$3-guiberson!D23) -> 0.3587 | H23: =C23 -> 000 | I23: =D23 -> 0.0748
A24: guiberson | B24: throat | C24: 00 | D24: 0.0951 | E24: =PI()*D24^2/4 -> 0.0071031488 | G24: =ABS(selection!$G$3-guiberson!D24) -> 0.3384 | H24: =C24 -> 00 | I24: =D24 -> 0.0951
A25: guiberson | B25: throat | C25: 0 | D25: 0.1151 | E25: =PI()*D25^2/4 -> 0.010404963 | G25: =ABS(selection!$G$3-guiberson!D25) -> 0.3184 | H25: =C25 -> 0 | I25: =D25 -> 0.1151
A26: guiberson | B26: throat | C26: 1 | D26: 0.1349 | E26: =PI()*D26^2/4 -> 0.014292684 | F26: =D26/selection!$F$5 -> 0.76997717 | G26: =ABS(selection!$H$3-guiberson!F26) -> 1.5631768 | H26: =C26 -> 1 | I26: =D26 -> 0.1349
A27: guiberson | B27: throat | C27: 2 | D27: 0.1551 | E27: =PI()*D27^2/4 -> 0.018893546 | F27: =D27/selection!$F$5 -> 0.88527397 | G27: =ABS(selection!$H$3-guiberson!F27) -> 1.44788 | H27: =C27 -> 2 | I27: =D27 -> 0.1551
A28: guiberson | B28: throat | C28: 3 | D28: 0.1752 | E28: =PI()*D28^2/4 -> 0.024107828 | F28: =D28/selection!$F$5 -> 1 | G28: =ABS(selection!$H$3-guiberson!F28) -> 1.3331539 | H28: =C28 -> 3 | I28: =D28 -> 0.1752
A29: guiberson | B29: throat | C29: 4 | D29: 0.1999 | E29: =PI()*D29^2/4 -> 0.031384518 | F29: =D29/selection!$F$5 -> 1.1409817 | G29: =ABS(selection!$H$3-guiberson!F29) -> 1.1921722 | H29: =C29 -> 4 | I29: =D29 -> 0.1999
A30: guiberson | B30: throat | C30: 5 | D30: 0.22 | E30: =PI()*D30^2/4 -> 0.038013271 | F30: =D30/selection!$F$5 -> 1.2557078 | G30: =ABS(selection!$H$3-guiberson!F30) -> 1.0774462 | H30: =C30 -> 5 | I30: =D30 -> 0.22
A31: guiberson | B31: throat | C31: 6 | D31: 0.2399 | E31: =PI()*D31^2/4 -> 0.045201243 | F31: =D31/selection!$F$5 -> 1.3692922 | G31: =ABS(selection!$H$3-guiberson!F31) -> 0.96386169 | H31: =C31 -> 6 | I31: =D31 -> 0.2399
A32: guiberson | B32: throat | C32: 7 | D32: 0.26 | E32: =PI()*D32^2/4 -> 0.053092916 | F32: =D32/selection!$F$5 -> 1.4840183 | G32: =ABS(selection!$H$3-guiberson!F32) -> 0.84913566 | H32: =C32 -> 7 | I32: =D32 -> 0.26
A33: guiberson | B33: throat | C33: 8 | D33: 0.2901 | E33: =PI()*D33^2/4 -> 0.066097546 | F33: =D33/selection!$F$5 -> 1.6558219 | G33: =ABS(selection!$H$3-guiberson!F33) -> 0.67733201 | H33: =C33 -> 8 | I33: =D33 -> 0.2901
A34: guiberson | B34: throat | C34: 9 | D34: 0.32 | E34: =PI()*D34^2/4 -> 0.080424772 | F34: =D34/selection!$F$5 -> 1.826484 | G34: =ABS(selection!$H$3-guiberson!F34) -> 0.50666991 | H34: =C34 -> 9 | I34: =D34 -> 0.32
A35: guiberson | B35: throat | C35: 10 | D35: 0.35 | E35: =PI()*D35^2/4 -> 0.096211275 | F35: =D35/selection!$F$5 -> 1.9977169 | G35: =ABS(selection!$H$3-guiberson!F35) -> 0.33543703 | H35: =C35 -> 10 | I35: =D35 -> 0.35
A36: guiberson | B36: throat | C36: 11 | D36: 0.3901 | E36: =PI()*D36^2/4 -> 0.11952033 | F36: =D36/selection!$F$5 -> 2.2265982 | G36: =ABS(selection!$H$3-guiberson!F36) -> 0.10655576 | H36: =C36 -> 11 | I36: =D36 -> 0.3901
A37: guiberson | B37: throat | C37: 12 | D37: 0.43 | E37: =PI()*D37^2/4 -> 0.14522012 | F37: =D37/selection!$F$5 -> 2.4543379 | G37: =ABS(selection!$H$3-guiberson!F37) -> 0.12118397 | H37: =C37 -> 12 | I37: =D37 -> 0.43
... A45: guiberson | B45: throat | C45: 20 | D45: 0.911 | E45: =PI()*D45^2/4 -> 0.65181843 | F45: =D45/selection!$F$5 -> 5.1997717 | G45: =ABS(selection!$H$3-guiberson!F45) -> 2.8666178 | H45: =C45 -> 20 | I45: =D45 -> 0.911

Sheet kobe
A1: brand | B1: type | C1: number | D1: dia_in | E1: area_in2 | F1: dia_ratio | G1: residual | H1: number | I1: dia_in
A2: kobe | B2: nozzle | C2: 1 | D2: 0.0553 | E2: =PI()*D2^2/4 -> 0.0024018183 | G2: =ABS(selection!$F$3-kobe!D2) -> 0.1305 | H2: =C2 -> 1 | I2: =D2 -> 0.0553
A3: kobe | B3: nozzle | C3: 2 | D3: 0.0628 | E3: =PI()*D3^2/4 -> 0.0030974847 | G3: =ABS(selection!$F$3-kobe!D3) -> 0.123 | H3: =C3 -> 2 | I3: =D3 -> 0.0628
A4: kobe | B4: nozzle | C4: 3 | D4: 0.0714 | E4: =PI()*D4^2/4 -> 0.0040039284 | G4: =ABS(selection!$F$3-kobe!D4) -> 0.1144 | H4: =C4 -> 3 | I4: =D4 -> 0.0714
A5: kobe | B5: nozzle | C5: 4 | D5: 0.0814 | E5: =PI()*D5^2/4 -> 0.0052040168 | G5: =ABS(selection!$F$3-kobe!D5) -> 0.1044 | H5: =C5 -> 4 | I5: =D5 -> 0.0814
A6: kobe | B6: nozzle | C6: 5 | D6: 0.0924 | E6: =PI()*D6^2/4 -> 0.006705541 | G6: =ABS(selection!$F$3-kobe!D6) -> 0.0934 | H6: =C6 -> 5 | I6: =D6 -> 0.0924
A7: kobe | B7: nozzle | C7: 6 | D7: 0.1046 | E7: =PI()*D7^2/4 -> 0.008593167 | G7: =ABS(selection!$F$3-kobe!D7) -> 0.0812 | H7: =C7 -> 6 | I7: =D7 -> 0.1046
A8: kobe | B8: nozzle | C8: 7 | D8: 0.1189 | E8: =PI()*D8^2/4 -> 0.011103339 | G8: =ABS(selection!$F$3-kobe!D8) -> 0.0669 | H8: =C8 -> 7 | I8: =D8 -> 0.1189
A9: kobe | B9: nozzle | C9: 8 | D9: 0.1354 | E9: =PI()*D9^2/4 -> 0.01439883 | G9: =ABS(selection!$F$3-kobe!D9) -> 0.0504 | H9: =C9 -> 8 | I9: =D9 -> 0.1354
A10: kobe | B10: nozzle | C10: 9 | D10: 0.1539 | E10: =PI()*D10^2/4 -> 0.01860232 | G10: =ABS(selection!$F$3-kobe!D10) -> 0.0319 | H10: =C10 -> 9 | I10: =D10 -> 0.1539
A11: kobe | B11: nozzle | C11: 10 | D11: 0.1748 | E11: =PI()*D11^2/4 -> 0.023997872 | G11: =ABS(selection!$F$3-kobe!D11) -> 0.011 | H11: =C11 -> 10 | I11: =D11 -> 0.1748
A12: kobe | B12: nozzle | C12: 11 | D12: 0.1987 | E12: =PI()*D12^2/4 -> 0.031008847 | G12: =ABS(selection!$F$3-kobe!D12) -> 0.0129 | H12: =C12 -> 11 | I12: =D12 -> 0.1987
A13: kobe | B13: nozzle | C13: 12 | D13: 0.2257 | E13: =PI()*D13^2/4 -> 0.040008567 | G13: =ABS(selection!$F$3-kobe!D13) -> 0.0399 | H13: =C13 -> 12 | I13: =D13 -> 0.2257
... A21: kobe | B21: nozzle | C21: 20 | D21: 0.6283 | E21: =PI()*D21^2/4 -> 0.31004448 | G21: =ABS(selection!$F$3-kobe!D21) -> 0.4425 | H21: =C21 -> 20 | I21: =D21 -> 0.6283
A22: kobe | B22: throat | C22: 1 | D22: 0.0874 | E22: =PI()*D22^2/4 -> 0.0059994681 | F22: =D22/selection!$F$6 -> 0.5 | G22: =ABS(kobe!F22-selection!$H$3) -> 1.8331539 | H22: =C22 -> 1 | I22: =D22 -> 0.0874
A23: kobe | B23: throat | C23: 2 | D23: 0.099 | E23: =PI()*D23^2/4 -> 0.0076976874 | F23: =D23/selection!$F$6 -> 0.56636156 | G23: =ABS(kobe!F23-selection!$H$3) -> 1.7667924 | H23: =C23 -> 2 | I23: =D23 -> 0.099
A24: kobe | B24: throat | C24: 3 | D24: 0.1128 | E24: =PI()*D24^2/4 -> 0.0099932806 | F24: =D24/selection!$F$6 -> 0.64530892 | G24: =ABS(kobe!F24-selection!$H$3) -> 1.687845 | H24: =C24 -> 3 | I24: =D24 -> 0.1128
A25: kobe | B25: throat | C25: 4 | D25: 0.1282 | E25: =PI()*D25^2/4 -> 0.012908207 | F25: =D25/selection!$F$6 -> 0.73340961 | G25: =ABS(kobe!F25-selection!$H$3) -> 1.5997443 | H25: =C25 -> 4 | I25: =D25 -> 0.1282
A26: kobe | B26: throat | C26: 5 | D26: 0.1458 | E26: =PI()*D26^2/4 -> 0.016695711 | F26: =D26/selection!$F$6 -> 0.83409611 | G26: =ABS(kobe!F26-selection!$H$3) -> 1.4990578 | H26: =C26 -> 5 | I26: =D26 -> 0.1458
A27: kobe | B27: throat | C27: 6 | D27: 0.1655 | E27: =PI()*D27^2/4 -> 0.021512252 | F27: =D27/selection!$F$6 -> 0.94679634 | G27: =ABS(kobe!F27-selection!$H$3) -> 1.3863576 | H27: =C27 -> 6 | I27: =D27 -> 0.1655
A28: kobe | B28: throat | C28: 7 | D28: 0.1881 | E28: =PI()*D28^2/4 -> 0.027788652 | F28: =D28/selection!$F$6 -> 1.076087 | G28: =ABS(kobe!F28-selection!$H$3) -> 1.257067 | H28: =C28 -> 7 | I28: =D28 -> 0.1881
A29: kobe | B29: throat | C29: 8 | D29: 0.2138 | E29: =PI()*D29^2/4 -> 0.035900896 | F29: =D29/selection!$F$6 -> 1.2231121 | G29: =ABS(kobe!F29-selection!$H$3) -> 1.1100418 | H29: =C29 -> 8 | I29: =D29 -> 0.2138
A30: kobe | B30: throat | C30: 9 | D30: 0.2431 | E30: =PI()*D30^2/4 -> 0.046415154 | F30: =D30/selection!$F$6 -> 1.3907323 | G30: =ABS(kobe!F30-selection!$H$3) -> 0.94242166 | H30: =C30 -> 9 | I30: =D30 -> 0.2431
A31: kobe | B31: throat | C31: 10 | D31: 0.2762 | E31: =PI()*D31^2/4 -> 0.05991523 | F31: =D31/selection!$F$6 -> 1.5800915 | G31: =ABS(kobe!F31-selection!$H$3) -> 0.7530624 | H31: =C31 -> 10 | I31: =D31 -> 0.2762
A32: kobe | B32: throat | C32: 11 | D32: 0.3139 | E32: =PI()*D32^2/4 -> 0.077387802 | F32: =D32/selection!$F$6 -> 1.7957666 | G32: =ABS(kobe!F32-selection!$H$3) -> 0.53738734 | H32: =C32 -> 11 | I32: =D32 -> 0.3139
A33: kobe | B33: throat | C33: 12 | D33: 0.3568 | E33: =PI()*D33^2/4 -> 0.099986087 | F33: =D33/selection!$F$6 -> 2.0411899 | G33: =ABS(kobe!F33-selection!$H$3) -> 0.291964 | H33: =C33 -> 12 | I33: =D33 -> 0.3568
... A45: kobe | B45: throat | C45: 24 | D45: 1.6562 | E45: =PI()*D45^2/4 -> 2.1543459 | F45: =D45/selection!$F$6 -> 9.4748284 | G45: =ABS(kobe!F45-selection!$H$3) -> 7.1416744 | H45: =C45 -> 24 | I45: =D45 -> 1.6562

Sheet petrolift
A1: brand | B1: type | C1: number | D1: dia_in | E1: area_in2 | F1: dia_ratio | G1: residual | H1: number | I1: dia_in
A2: petrolift | B2: nozzle | C2: 1 | D2: 0.0672 | E2: =PI()*D2^2/4 -> 0.0035467324 | G2: =ABS(selection!$F$3-petrolift!D2) -> 0.1186 | H2: =C2 -> 1 | I2: =D2 -> 0.0672
A3: petrolift | B3: nozzle | C3: 2 | D3: 0.0752 | E3: =PI()*D3^2/4 -> 0.004441458 | G3: =ABS(selection!$F$3-petrolift!D3) -> 0.1106 | H3: =C3 -> 2 | I3: =D3 -> 0.0752
A4: petrolift | B4: nozzle | C4: 3 | D4: 0.0841 | E4: =PI()*D4^2/4 -> 0.005554972 | G4: =ABS(selection!$F$3-petrolift!D4) -> 0.1017 | H4: =C4 -> 3 | I4: =D4 -> 0.0841
A5: petrolift | B5: nozzle | C5: 4 | D5: 0.094 | E5: =PI()*D5^2/4 -> 0.0069397782 | G5: =ABS(selection!$F$3-petrolift!D5) -> 0.0918 | H5: =C5 -> 4 | I5: =D5 -> 0.094
A6: petrolift | B6: nozzle | C6: 5 | D6: 0.1051 | E6: =PI()*D6^2/4 -> 0.008675516 | G6: =ABS(selection!$F$3-petrolift!D6) -> 0.0807 | H6: =C6 -> 5 | I6: =D6 -> 0.1051
A7: petrolift | B7: nozzle | C7: 6 | D7: 0.1174 | E7: =PI()*D7^2/4 -> 0.010824954 | G7: =ABS(selection!$F$3-petrolift!D7) -> 0.0684 | H7: =C7 -> 6 | I7: =D7 -> 0.1174
A8: petrolift | B8: nozzle | C8: 7 | D8: 0.1313 | E8: =PI()*D8^2/4 -> 0.013540021 | G8: =ABS(selection!$F$3-petrolift!D8) -> 0.0545 | H8: =C8 -> 7 | I8: =D8 -> 0.1313
A9: petrolift | B9: nozzle | C9: 8 | D9: 0.1468 | E9: =PI()*D9^2/4 -> 0.016925519 | G9: =ABS(selection!$F$3-petrolift!D9) -> 0.039 | H9: =C9 -> 8 | I9: =D9 -> 0.1468
A10: petrolift | B10: nozzle | C10: 9 | D10: 0.1641 | E10: =PI()*D10^2/4 -> 0.021149838 | G10: =ABS(selection!$F$3-petrolift!D10) -> 0.0217 | H10: =C10 -> 9 | I10: =D10 -> 0.1641
A11: petrolift | B11: nozzle | C11: 10 | D11: 0.1835 | E11: =PI()*D11^2/4 -> 0.026446123 | G11: =ABS(selection!$F$3-petrolift!D11) -> 0.0023 | H11: =C11 -> 10 | I11: =D11 -> 0.1835
A12: petrolift | B12: nozzle | C12: 11 | D12: 0.2133 | E12: =PI()*D12^2/4 -> 0.035733174 | G12: =ABS(selection!$F$3-petrolift!D12) -> 0.0275 | H12: =C12 -> 11 | I12: =D12 -> 0.2133
A13: petrolift | B13: throat | C13: 1 | D13: 0.096 | E13: =PI()*D13^2/4 -> 0.0072382295 | F13: =D13/selection!$F$7 -> 0.52316076 | G13: =ABS(F13-selection!$H$3) -> 1.8099932 | H13: =C13 -> 1 | I13: =D13 -> 0.096
A14: petrolift | B14: throat | C14: 2 | D14: 0.1073 | E14: =PI()*D14^2/4 -> 0.0090425168 | F14: =D14/selection!$F$7 -> 0.58474114 | G14: =ABS(F14-selection!$H$3) -> 1.7484128 | H14: =C14 -> 2 | I14: =D14 -> 0.1073
A15: petrolift | B15: throat | C15: 3 | D15: 0.12 | E15: =PI()*D15^2/4 -> 0.011309734 | F15: =D15/selection!$F$7 -> 0.65395095 | G15: =ABS(F15-selection!$H$3) -> 1.679203 | H15: =C15 -> 3 | I15: =D15 -> 0.12
A16: petrolift | B16: throat | C16: 4 | D16: 0.1341 | E16: =PI()*D16^2/4 -> 0.014123666 | F16: =D16/selection!$F$7 -> 0.73079019 | G16: =ABS(F16-selection!$H$3) -> 1.6023637 | H16: =C16 -> 4 | I16: =D16 -> 0.1341
A17: petrolift | B17: throat | C17: 5 | D17: 0.15 | E17: =PI()*D17^2/4 -> 0.017671459 | F17: =D17/selection!$F$7 -> 0.81743869 | G17: =ABS(F17-selection!$H$3) -> 1.5157152 | H17: =C17 -> 5 | I17: =D17 -> 0.15
A18: petrolift | B18: throat | C18: 6 | D18: 0.1677 | E18: =PI()*D18^2/4 -> 0.02208798 | F18: =D18/selection!$F$7 -> 0.91389646 | G18: =ABS(F18-selection!$H$3) -> 1.4192575 | H18: =C18 -> 6 | I18: =D18 -> 0.1677
A19: petrolift | B19: throat | C19: 7 | D19: 0.1875 | E19: =PI()*D19^2/4 -> 0.027611654 | F19: =D19/selection!$F$7 -> 1.0217984 | G19: =ABS(F19-selection!$H$3) -> 1.3113556 | H19: =C19 -> 7 | I19: =D19 -> 0.1875
A20: petrolift | B20: throat | C20: 8 | D20: 0.2096 | E20: =PI()*D20^2/4 -> 0.034504238 | F20: =D20/selection!$F$7 -> 1.1422343 | G20: =ABS(F20-selection!$H$3) -> 1.1909196 | H20: =C20 -> 8 | I20: =D20 -> 0.2096
A21: petrolift | B21: throat | C21: 9 | D21: 0.2343 | E21: =PI()*D21^2/4 -> 0.043115602 | F21: =D21/selection!$F$7 -> 1.2768392 | G21: =ABS(F21-selection!$H$3) -> 1.0563147 | H21: =C21 -> 9 | I21: =D21 -> 0.2343
A22: petrolift | B22: throat | C22: 10 | D22: 0.262 | E22: =PI()*D22^2/4 -> 0.053912872 | F22: =D22/selection!$F$7 -> 1.4277929 | G22: =ABS(F22-selection!$H$3) -> 0.90536101 | H22: =C22 -> 10 | I22: =D22 -> 0.262
A23: petrolift | B23: throat | C23: 11 | D23: 0.2929 | E23: =PI()*D23^2/4 -> 0.06737963 | F23: =D23/selection!$F$7 -> 1.5961853 | G23: =ABS(F23-selection!$H$3) -> 0.73696864 | H23: =C23 -> 11 | I23: =D23 -> 0.2929
A24: petrolift | B24: throat | C24: 12 | D24: 0.3275 | E24: =PI()*D24^2/4 -> 0.084238862 | F24: =D24/selection!$F$7 -> 1.7847411 | G24: =ABS(F24-selection!$H$3) -> 0.54841278 | H24: =C24 -> 12 | I24: =D24 -> 0.3275
... A26: petrolift | B26: throat | C26: 14 | D26: 0.4093 | E26: =PI()*D26^2/4 -> 0.131575 | F26: =D26/selection!$F$7 -> 2.2305177 | G26: =ABS(F26-selection!$H$3) -> 0.10263622 | H26: =C26 -> 14 | I26: =D26 -> 0.4093
